Najczęstsze zapytania,Kliknięcia,Wyświetlenia,CTR,Pozycja
sscar,28,205,13.66%,2.9
ss car,1,15,6.67%,7.2
przegląd rejestracyjny wrocław,1,1,100%,2
sscar stacja kontroli pojazdów dw/126/p + geometria 3d opinie,0,20,0%,2.8
stacja kontroli pojazdów wrocław,0,11,0%,30.82
skp wrocław,0,8,0%,51.62
oskp wrocław,0,7,0%,63.86
przeglądy rejestracyjne wrocław,0,5,0%,1.6
speed car wrocław,0,4,0%,58.75
przegląd rejestracyjny,0,3,0%,1
stacja diagnostyczna wrocław,0,3,0%,55
diagnostyka pojazdowa wrocław,0,3,0%,61.33
s-karta,0,2,0%,3
skp wroclaw,0,2,0%,25.5
stacja kontroli pojazdów naramowicka,0,2,0%,33
waszcar wrocław,0,2,0%,44.5
speed car wrocław obornicka,0,2,0%,58.5
diagnostyka samochodowa wrocław,0,2,0%,74.5
stacja kontroli pojazdów wroclaw,0,2,0%,76.5
geometria 3d,0,1,0%,1
geometria kół 3d,0,1,0%,1
przeglad samochodowy wroclaw,0,1,0%,1
przegląd samochodu,0,1,0%,1
przegląd techniczny samochodu wrocław,0,1,0%,1
przeglądy samochodowe,0,1,0%,1
s s car,0,1,0%,1
skp,0,1,0%,1
stacja diagnostyczna,0,1,0%,1
stacja kontroli pojazdów,0,1,0%,1
stacja kontroli pojazdów wrocław psie pole,0,1,0%,1
wrocław zbieżność kół,0,1,0%,1
legalizacja butli lpg wrocław,0,1,0%,2
magnolia mapa,0,1,0%,2
okręgowa stacja kontroli pojazdow,0,1,0%,2
okręgowa stacja kontroli pojazdów,0,1,0%,2
okręgowa stacja kontroli pojazdów wrocław,0,1,0%,2
podstawowa stacja kontroli pojazdów wrocław,0,1,0%,2
przeglad auta wroclaw,0,1,0%,2
przeglady rejestracyjne,0,1,0%,2
przegląd auta,0,1,0%,2
ssccar,0,1,0%,2
zbieznosc wroclaw,0,1,0%,2
skp leszno,0,1,0%,5
osk polcar,0,1,0%,45
speed car obornicka,0,1,0%,46
ecs wrocław,0,1,0%,47
ultracar wrocław,0,1,0%,50
skp skarbowców wrocław,0,1,0%,60
stacja diagnostyczna wroclaw,0,1,0%,75
wrocław stacja kontroli pojazdów,0,1,0%,76
stacja kontroli pojazdów wrocław 24h,0,1,0%,77
przeglądy techniczne wrocław,0,1,0%,82
sprawdzanie auta wrocław,0,1,0%,91